{
  "observer": {
    "accuracy": 0.5,
    "precision": 1.0,
    "recall": 0.5,
    "f1_score": 0.6666666666666666,
    "specificity": 0.0,
    "npv": 0.0,
    "mcc": 0.0,
    "kappa": 0.0,
    "confusion_matrix": {
      "tn": 0,
      "fp": 0,
      "fn": 1,
      "tp": 1
    },
    "false_positives": [],
    "false_negatives": [
      1
    ]
  },
  "analyst": {
    "meteor_score": 0.2511408148986442,
    "bert_precision": 0.8170661330223083,
    "bert_recall": 0.7826493382453918,
    "bert_f1": 0.7994874715805054,
    "bleu": 0.05425728302705077,
    "rouge_1_f": 0.355029580978082,
    "rouge_l_f": 0.3313609419248276
  }
}