{
  "observer": {
    "accuracy": 1.0,
    "precision": 1.0,
    "recall": 1.0,
    "f1_score": 1.0,
    "specificity": 0.0,
    "npv": 0.0,
    "mcc": 0.0,
    "kappa": 0.0,
    "confusion_matrix": {
      "tn": 0,
      "fp": 0,
      "fn": 0,
      "tp": 0
    },
    "false_positives": [],
    "false_negatives": []
  },
  "analyst": {
    "meteor_score": 0.23084947769349917,
    "bert_precision": 0.7953159213066101,
    "bert_recall": 0.7742299437522888,
    "bert_f1": 0.7846313118934631,
    "bleu": 0.036097459350595155,
    "rouge_1_f": 0.339393934631956,
    "rouge_l_f": 0.32727272251074385
  }
}